iri,term_localName,label,definition,comments,examples,organized_in,issued,status,replaces,rdf_type,term_iri,abcd_equivalence,flags
http://rs.tdwg.org/chrono/terms/version/ChronometricAge-2021-02-21,ChronometricAge,Chronometric Age,An approximation of a temporal position (in the sense conveyed by https://www.w3.org/TR/owl-time/#time:TemporalPosition) that is supported via evidence.,"The age of a specimen and how this age is known, whether by a dating assay, a relative association with dated material, or legacy collections information.",`An age range associated with a specimen derived from an AMS dating assay applied to an oyster shell in the same stratum`; `An age range associated with a specimen derived from a ceramics analysis based on other materials found in the same stratum`; `A maximum age associated with a specimen derived from K-Ar dating applied to a proximal volcanic tuff found stratigraphically below the specimen`; `An age range of a specimen based on its biostratigraphic context`; `An age of a specimen based on what is reported in legacy collections data`.,http://rs.tdwg.org/chrono/terms/ChronometricAge,2021-02-21,recommended,http://rs.tdwg.org/chrono/terms/version/ChronometricAge-2021-01-26,http://www.w3.org/2000/01/rdf-schema#Class,http://rs.tdwg.org/chrono/terms/ChronometricAge,https://terms.tdwg.org/wiki/abcd-efg:StratigraphicAttributions-RadiometricDates,extension
http://rs.tdwg.org/chrono/terms/version/chronometricAgeID-2025-06-12,chronometricAgeID,Chronometric Age ID,An identifier for the set of information associated with a chrono:ChronometricAge.,May be a global unique identifier or an identifier specific to the dataset. This can be used to link this record to another repository where more information about the dataset is shared.,`https://www.canadianarchaeology.ca/samples/70673`,http://rs.tdwg.org/chrono/terms/ChronometricAge,2025-06-12,recommended,http://rs.tdwg.org/chrono/terms/version/chronometricAgeID-2020-09-14,http://www.w3.org/1999/02/22-rdf-syntax-ns#Property,http://rs.tdwg.org/chrono/terms/chronometricAgeID,not in ABCD,
http://rs.tdwg.org/chrono/terms/version/verbatimChronometricAge-2020-09-14,verbatimChronometricAge,Verbatim Chronometric Age,"The verbatim age for a specimen, whether reported by a dating assay, associated references, or legacy information.","For example, this could be the radiocarbon age as given in an AMS dating report. This could also be simply what is reported as the age of a specimen in legacy collections data.","`27 BC to 14 AD`, `stratigraphically pre-1104`",http://rs.tdwg.org/chrono/terms/ChronometricAge,2020-09-14,recommended,http://zooarchnet.org/dwc/terms/version/verbatimChronometricAge-2018-11-13,http://www.w3.org/1999/02/22-rdf-syntax-ns#Property,http://rs.tdwg.org/chrono/terms/verbatimChronometricAge,not in ABCD,extension
http://rs.tdwg.org/chrono/terms/version/chronometricAgeProtocol-2025-06-12,chronometricAgeProtocol,Chronometric Age Protocol,A description of or reference to the methods used to determine the chrono:ChronometricAge.," This term has an equivalent in the chronoiri: namespace that allows only an IRI as a value, whereas this term allows for any string literal value.",`radiocarbon AMS`; `K-Ar dates for the lower most marker tuff`; `historic documentation`; `ceramic seriation`,http://rs.tdwg.org/chrono/terms/ChronometricAge,2025-06-12,recommended,http://rs.tdwg.org/chrono/terms/version/chronometricAgeProtocol-2020-11-17,http://www.w3.org/1999/02/22-rdf-syntax-ns#Property,http://rs.tdwg.org/chrono/terms/chronometricAgeProtocol,https://terms.tdwg.org/wiki/abcd-efg:StratigraphicAttributions-ChronostratigraphicAttribution-Method,
http://rs.tdwg.org/chrono/terms/version/uncalibratedChronometricAge-2020-09-14,uncalibratedChronometricAge,Uncalibrated Chronometric Age,The output of a dating assay before it is calibrated into an age using a specific conversion protocol.,,"`1510 +/- 25 14C yr BP`, `16.26 Ma +/- 0.016`",http://rs.tdwg.org/chrono/terms/ChronometricAge,2020-09-14,recommended,,http://www.w3.org/1999/02/22-rdf-syntax-ns#Property,http://rs.tdwg.org/chrono/terms/uncalibratedChronometricAge,not in ABCD,extension
http://rs.tdwg.org/chrono/terms/version/chronometricAgeConversionProtocol-2025-06-12,chronometricAgeConversionProtocol,Chronometric Age Conversion Protocol,"The method used for converting the chrono:uncalibratedChronometricAge into a chronometric age in years, as captured in the chrono:earliestChronometricAge, chrono:earliestChronometricAgeReferenceSystem, chrono:latestChronometricAge, and chrono:latestChronometricAgeReferenceSystem fields.","For example, calibration of conventional radiocarbon age or the currently accepted age range of a cultural or geological period. This term has an equivalent in the chronoiri: namespace that allows only an IRI as a value, whereas this term allows for any string literal value.",`INTCAL13`; `sequential 6 phase Bayesian model and IntCal13 calibration`,http://rs.tdwg.org/chrono/terms/ChronometricAge,2025-06-12,recommended,http://rs.tdwg.org/chrono/terms/version/chronometricAgeConversionProtocol-2021-02-02,http://www.w3.org/1999/02/22-rdf-syntax-ns#Property,http://rs.tdwg.org/chrono/terms/chronometricAgeConversionProtocol,https://terms.tdwg.org/wiki/abcd-efg:StratigraphicAttributions-ChronostratigraphicAttribution-Method,
http://rs.tdwg.org/chrono/terms/version/earliestChronometricAge-2025-06-12,earliestChronometricAge,Earliest Chronometric Age,The maximum/earliest/oldest possible age of a specimen as determined by a dating method.,"The expected unit for this field is years. This field, if populated, must have an associated chrono:earliestChronometricAgeReferenceSystem.",`100`,http://rs.tdwg.org/chrono/terms/ChronometricAge,2025-06-12,recommended,http://rs.tdwg.org/chrono/terms/version/earliestChronometricAge-2021-01-26,http://www.w3.org/1999/02/22-rdf-syntax-ns#Property,http://rs.tdwg.org/chrono/terms/earliestChronometricAge,https://terms.tdwg.org/wiki/abcd-efg:StratigraphicAttributions-ChronostratigraphicAttribution-UpperValue,
http://rs.tdwg.org/chrono/terms/version/earliestChronometricAgeReferenceSystem-2025-06-12,earliestChronometricAgeReferenceSystem,Earliest Chronometric Age Reference System,The reference system associated with the chrono:earliestChronometricAge.,"Recommended best practice is to use a controlled vocabulary. This term has an equivalent in the chronoiri: namespace that allows only an IRI as a value, whereas this term allows for any string literal value.",`kya`; `mya`; `BP`; `AD`; `BCE`; `ka`; `Ma`; `Ga`,http://rs.tdwg.org/chrono/terms/ChronometricAge,2025-06-12,recommended,http://rs.tdwg.org/chrono/terms/version/earliestChronometricAgeReferenceSystem-2021-01-26,http://www.w3.org/1999/02/22-rdf-syntax-ns#Property,http://rs.tdwg.org/chrono/terms/earliestChronometricAgeReferenceSystem,not in ABCD,
http://rs.tdwg.org/chrono/terms/version/latestChronometricAge-2025-06-12,latestChronometricAge,Latest Chronometric Age,The minimum/latest/youngest possible age of a specimen as determined by a dating method.,"The expected unit for this field is years. This field, if populated, must have an associated chrono:latestChronometricAgeReferenceSystem.",`27`,http://rs.tdwg.org/chrono/terms/ChronometricAge,2025-06-12,recommended,http://rs.tdwg.org/chrono/terms/version/latestChronometricAge-2021-01-26,http://www.w3.org/1999/02/22-rdf-syntax-ns#Property,http://rs.tdwg.org/chrono/terms/latestChronometricAge,https://terms.tdwg.org/wiki/abcd-efg:UnitStratigraphicDetermination-ChronostratigraphicAttribution-LowerValue,
http://rs.tdwg.org/chrono/terms/version/latestChronometricAgeReferenceSystem-2025-06-12,latestChronometricAgeReferenceSystem,Latest Chronometric Age Reference System,The reference system associated with the chrono:latestChronometricAge.,"Recommended best practice is to use a controlled vocabulary. This term has an equivalent in the chronoiri: namespace that allows only an IRI as a value, whereas this term allows for any string literal value.",`kya`; `mya`; `BP`; `AD`; `BCE`; `ka`; `Ma`; `Ga`,http://rs.tdwg.org/chrono/terms/ChronometricAge,2025-06-12,recommended,http://rs.tdwg.org/chrono/terms/version/latestChronometricAgeReferenceSystem-2021-01-26,http://www.w3.org/1999/02/22-rdf-syntax-ns#Property,http://rs.tdwg.org/chrono/terms/latestChronometricAgeReferenceSystem,not in ABCD,
http://rs.tdwg.org/chrono/terms/version/chronometricAgeUncertaintyInYears-2025-06-12,chronometricAgeUncertaintyInYears,Chronometric Age Uncertainty In Years,The temporal uncertainty of the chrono:earliestChronometricAge and chrono:latestChronometicAge in years.,The expected unit for this field is years. The value in this field is number of years before and after the values given in the chrono:earliestChronometricAge and chrono:latestChronometricAge fields within which the actual values are estimated to be.,`100`,http://rs.tdwg.org/chrono/terms/ChronometricAge,2025-06-12,recommended,http://rs.tdwg.org/chrono/terms/version/chronometricAgeUncertaintyInYears-2021-02-02,http://www.w3.org/1999/02/22-rdf-syntax-ns#Property,http://rs.tdwg.org/chrono/terms/chronometricAgeUncertaintyInYears,https://terms.tdwg.org/wiki/abcd-efg:UnitStratigraphicDetermination-ChronostratigraphicAttribution-Accuracy,
http://rs.tdwg.org/chrono/terms/version/chronometricAgeUncertaintyMethod-2025-06-12,chronometricAgeUncertaintyMethod,Chronometric Age Uncertainty Method,The method used to generate the value of chrono:chronometricAgeUncertaintyInYears.," This term has an equivalent in the chronoiri: namespace that allows only an IRI as a value, whereas this term allows for any string literal value.",`2-sigma calibrated range`; `Half of 95% confidence interval`,http://rs.tdwg.org/chrono/terms/ChronometricAge,2025-06-12,recommended,http://rs.tdwg.org/chrono/terms/version/chronometricAgeUncertaintyMethod-2020-11-17,http://www.w3.org/1999/02/22-rdf-syntax-ns#Property,http://rs.tdwg.org/chrono/terms/chronometricAgeUncertaintyMethod,https://terms.tdwg.org/wiki/abcd-efg:StratigraphicAttributions-ChronostratigraphicAttribution-Method,
http://rs.tdwg.org/chrono/terms/version/materialDated-2025-06-12,materialDated,Material Dated,"A description of the material on which the chrono:chronometricAgeProtocol was actually performed, if known."," This term has an equivalent in the chronoiri: namespace that allows only an IRI as a value, whereas this term allows for any string literal value.",`Double Tuff`; `Charcoal found in Stratum V`; `charred wood`; `tooth`,http://rs.tdwg.org/chrono/terms/ChronometricAge,2025-06-12,recommended,http://rs.tdwg.org/chrono/terms/version/materialDated-2020-11-17,http://www.w3.org/1999/02/22-rdf-syntax-ns#Property,http://rs.tdwg.org/chrono/terms/materialDated,https://terms.tdwg.org/wiki/abcd-efg:UnitStratigraphicDetermination-MaterialDated,
http://rs.tdwg.org/chrono/terms/version/materialDatedID-2025-06-12,materialDatedID,Material Dated ID,"An identifier for the dwc:MaterialEntity on which the chrono:chronometricAgeProtocol was performed, if applicable.",,`dwc:materialEntityID: https://www.ebi.ac.uk/metagenomics/samples/SRS1930158`,http://rs.tdwg.org/chrono/terms/ChronometricAge,2025-06-12,recommended,http://rs.tdwg.org/chrono/terms/version/materialDatedID-2021-02-05,http://www.w3.org/1999/02/22-rdf-syntax-ns#Property,http://rs.tdwg.org/chrono/terms/materialDatedID,not in ABCD,
http://rs.tdwg.org/chrono/terms/version/materialDatedRelationship-2025-06-12,materialDatedRelationship,Material Dated Relationship,"The relationship of the chrono:materialDated to the subject of the chrono:ChronometricAge record, from which the chrono:ChronometricAge of the subject is inferred.",Recommended best practice is to use a controlled vocabulary.,"`sameAs` (cases where the subject material was completely destructively subsampled to get the ChronometricAge); `subsampleOf` (cases where part of the original specimen was extracted as the material used to determine the ChronometricAge); `inContextWith` (cases where the ChronometricAge is inferred from materialDated, such as sediments or cultural objects, in related temporal context); `stratigraphicallyCorrelatedWith` (cases where the ChronometricAge is inferred from materialDated in a stratigraphically correlated context)",http://rs.tdwg.org/chrono/terms/ChronometricAge,2025-06-12,recommended,http://rs.tdwg.org/chrono/terms/version/materialDatedRelationship-2021-01-26,http://www.w3.org/1999/02/22-rdf-syntax-ns#Property,http://rs.tdwg.org/chrono/terms/materialDatedRelationship,not in ABCD,
http://rs.tdwg.org/chrono/terms/version/chronometricAgeDeterminedBy-2025-06-12,chronometricAgeDeterminedBy,Chronometric Age Determined By,"A list (concatenated and separated) of names of people, groups, or organizations who determined the chrono:ChronometricAge.","Recommended best practice is to separate the values in a list with space vertical bar space ( | ). This term has an equivalent in the chronoiri: namespace that allows only an IRI as a value, whereas this term allows for any string literal value.",`Michelle LeFebvre | Neill Wallis`,http://rs.tdwg.org/chrono/terms/ChronometricAge,2025-06-12,recommended,http://rs.tdwg.org/chrono/terms/version/chronometricAgeDeterminedBy-2021-02-02,http://www.w3.org/1999/02/22-rdf-syntax-ns#Property,http://rs.tdwg.org/chrono/terms/chronometricAgeDeterminedBy,https://terms.tdwg.org/wiki/abcd-efg:StratigraphicAttributions-ChronostratigraphicAttribution-Identifiers,
http://rs.tdwg.org/chrono/terms/version/chronometricAgeDeterminedDate-2025-06-12,chronometricAgeDeterminedDate,Chronometric Age Determined Date,The date on which the chrono:ChronometricAge was determined.,Recommended best practice is to use a date that conforms to ISO 8601-1:2019.,`1963-03-08T14:07-0600` (8 Mar 1963 at 2:07pm in the time zone six hours earlier than UTC); `2009-02-20T08:40Z` (20 February 2009 8:40am UTC); `2018-08-29T15:19` (3:19pm local time on 29 August 2018); `1809-02-12` (some time during 12 February 1809); `1906-06` (some time in June 1906); `1971` (some time in the year 1971),http://rs.tdwg.org/chrono/terms/ChronometricAge,2025-06-12,recommended,http://rs.tdwg.org/chrono/terms/version/chronometricAgeDeterminedDate-2020-11-17,http://www.w3.org/1999/02/22-rdf-syntax-ns#Property,http://rs.tdwg.org/chrono/terms/chronometricAgeDeterminedDate,https://terms.tdwg.org/wiki/abcd-efg:StratigraphicAttributions-RadiometricDate-AnalysisDateTime,
http://rs.tdwg.org/chrono/terms/version/chronometricAgeReferences-2025-06-12,chronometricAgeReferences,Chronometric Age References,"A list (concatenated and separated) of identifiers (publication, bibliographic reference, global unique identifier, URI) of literature associated with the chrono:ChronometricAge.",Recommended best practice is to separate the values in a list with space vertical bar space ( | ).,"`Pluckhahn, Thomas J., Neill J. Wallis, and Victor D. Thompson. 2020 The History and Future of Migrationist Explanation in the Archaeology of the Eastern Woodlands: A Review and Case Study of the Woodland Period Gulf Coast. Journal of Archaeological Research. https://doi.org/10.1007/s10814-019-09140-x`",http://rs.tdwg.org/chrono/terms/ChronometricAge,2025-06-12,recommended,http://rs.tdwg.org/chrono/terms/version/chronometricAgeReferences-2020-11-17,http://www.w3.org/1999/02/22-rdf-syntax-ns#Property,http://rs.tdwg.org/chrono/terms/chronometricAgeReferences,https://terms.tdwg.org/wiki/abcd-efg:StratigraphicAttributions-ChronostratigraphicAttribution-MeasurementOrFactReference,
http://rs.tdwg.org/chrono/terms/version/chronometricAgeRemarks-2025-06-12,chronometricAgeRemarks,Chronometric Age Remarks,Notes or comments about the chrono:ChronometricAge.,,"`Beta Analytic number: 323913 | One of the Crassostrea virginica right valve specimens from North Midden Feature 17 was chosen for AMS dating, but it is unclear exactly which specimen it was.`",http://rs.tdwg.org/chrono/terms/ChronometricAge,2025-06-12,recommended,http://rs.tdwg.org/chrono/terms/version/chronometricAgeRemarks-2020-11-17,http://www.w3.org/1999/02/22-rdf-syntax-ns#Property,http://rs.tdwg.org/chrono/terms/chronometricAgeRemarks,https://terms.tdwg.org/wiki/abcd-efg:UnitStratigraphicDetermination-DatingComment,
http://rs.tdwg.org/dwc/terms/attributes/UseWithIRI-2017-10-06,UseWithIRI,UseWithIRI,The category of terms that are recommended to have an IRI as a value.,A utility class to organize the dwciri: terms.,,http://www.w3.org/2000/01/rdf-schema#Class,2017-10-06,recommended,,http://www.w3.org/2000/01/rdf-schema#Class,http://rs.tdwg.org/dwc/terms/attributes/UseWithIRI,not in ABCD,
http://rs.tdwg.org/chrono/iri/version/chronometricAgeConversionProtocol-2021-01-26,chronometricAgeConversionProtocol,Chronometric Age Conversion Protocol (IRI),"The method used to convert the uncalibratedChronometricAge into a chronometric age in years, as captured in maximumChronometricAge, maximumChronometricAgeReferenceSystem, minimumChronometricAge, and minimumChronometricAgeReferenceSystem.",Terms in the chronoiri namespace are intended to be used in RDF with non-literal objects.,,http://rs.tdwg.org/dwc/terms/attributes/UseWithIRI,2021-01-26,superseded,,http://www.w3.org/1999/02/22-rdf-syntax-ns#Property,http://rs.tdwg.org/chrono/iri/chronometricAgeConversionProtocol,not in ABCD,extension
http://rs.tdwg.org/chrono/iri/version/chronometricAgeConversionProtocol-2021-02-02,chronometricAgeConversionProtocol,Chronometric Age Conversion Protocol (IRI),"The method used to convert the uncalibratedChronometricAge into a chronometric age in years, as captured in earliestChronometricAge, earliestChronometricAgeReferenceSystem, latestChronometricAge, and latestChronometricAgeReferenceSystem.",Terms in the chronoiri namespace are intended to be used in RDF with non-literal objects.,,http://rs.tdwg.org/dwc/terms/attributes/UseWithIRI,2021-02-02,superseded,http://rs.tdwg.org/chrono/iri/version/chronometricAgeConversionProtocol-2021-01-26,http://www.w3.org/1999/02/22-rdf-syntax-ns#Property,http://rs.tdwg.org/chrono/iri/chronometricAgeConversionProtocol,not in ABCD,extension
http://rs.tdwg.org/chrono/iri/version/chronometricAgeConversionProtocol-2025-06-12,chronometricAgeConversionProtocol,Chronometric Age Conversion Protocol (IRI),"The method used to convert the chrono:uncalibratedChronometricAge into a chronometric age in years, as captured in chrono:earliestChronometricAge, chrono:earliestChronometricAgeReferenceSystem, chrono:latestChronometricAge, and chrono:latestChronometricAgeReferenceSystem.",Terms in the chronoiri namespace are intended to be used in RDF with non-literal objects.,,http://rs.tdwg.org/dwc/terms/attributes/UseWithIRI,2025-06-12,superseded,http://rs.tdwg.org/chrono/iri/version/chronometricAgeConversionProtocol-2021-02-02,http://www.w3.org/1999/02/22-rdf-syntax-ns#Property,http://rs.tdwg.org/chrono/iri/chronometricAgeConversionProtocol,not in ABCD,
http://rs.tdwg.org/chrono/iri/version/chronometricAgeConversionProtocol-2025-07-10,chronometricAgeConversionProtocol,Chronometric Age Conversion Protocol (IRI),"The method used to convert the chrono:uncalibratedChronometricAge into a chronometric age in years, as captured in chrono:earliestChronometricAge, chrono:earliestChronometricAgeReferenceSystem, chrono:latestChronometricAge, and chrono:latestChronometricAgeReferenceSystem.",Terms in the chronoiri: namespace are intended to be used in RDF with non-literal objects.,,http://rs.tdwg.org/dwc/terms/attributes/UseWithIRI,2025-07-10,recommended,http://rs.tdwg.org/chrono/iri/version/chronometricAgeConversionProtocol-2025-06-12,http://www.w3.org/1999/02/22-rdf-syntax-ns#Property,http://rs.tdwg.org/chrono/iri/chronometricAgeConversionProtocol,not in ABCD,
http://rs.tdwg.org/chrono/iri/version/chronometricAgeDeterminedBy-2021-01-26,chronometricAgeDeterminedBy,Chronometric Age Determined By (IRI),"A person, group, or organization that determined the ChronometricAge.",Terms in the chronoiri namespace are intended to be used in RDF with non-literal objects.,,http://rs.tdwg.org/dwc/terms/attributes/UseWithIRI,2021-01-26,superseded,,http://www.w3.org/1999/02/22-rdf-syntax-ns#Property,http://rs.tdwg.org/chrono/iri/chronometricAgeDeterminedBy,not in ABCD,extension
http://rs.tdwg.org/chrono/iri/version/chronometricAgeDeterminedBy-2025-06-12,chronometricAgeDeterminedBy,Chronometric Age Determined By (IRI),"A person, group, or organization that determined the chrono:ChronometricAge.",Terms in the chronoiri namespace are intended to be used in RDF with non-literal objects.,,http://rs.tdwg.org/dwc/terms/attributes/UseWithIRI,2025-06-12,superseded,http://rs.tdwg.org/chrono/iri/version/chronometricAgeDeterminedBy-2021-01-26,http://www.w3.org/1999/02/22-rdf-syntax-ns#Property,http://rs.tdwg.org/chrono/iri/chronometricAgeDeterminedBy,not in ABCD,
http://rs.tdwg.org/chrono/iri/version/chronometricAgeDeterminedBy-2025-07-10,chronometricAgeDeterminedBy,Chronometric Age Determined By (IRI),"A person, group, or organization that determined the chrono:ChronometricAge.",Terms in the chronoiri: namespace are intended to be used in RDF with non-literal objects.,,http://rs.tdwg.org/dwc/terms/attributes/UseWithIRI,2025-07-10,recommended,http://rs.tdwg.org/chrono/iri/version/chronometricAgeDeterminedBy-2025-06-12,http://www.w3.org/1999/02/22-rdf-syntax-ns#Property,http://rs.tdwg.org/chrono/iri/chronometricAgeDeterminedBy,not in ABCD,
http://rs.tdwg.org/chrono/iri/version/chronometricAgeProtocol-2021-01-26,chronometricAgeProtocol,Chronometric Age Protocol (IRI),A method used to determine the chronometric age.,Terms in the chronoiri namespace are intended to be used in RDF with non-literal objects.,,http://rs.tdwg.org/dwc/terms/attributes/UseWithIRI,2021-01-26,superseded,,http://www.w3.org/1999/02/22-rdf-syntax-ns#Property,http://rs.tdwg.org/chrono/iri/chronometricAgeProtocol,not in ABCD,extension
http://rs.tdwg.org/chrono/iri/version/chronometricAgeProtocol-2025-06-12,chronometricAgeProtocol,Chronometric Age Protocol (IRI),A method used to determine the chrono:ChronometricAge.,Terms in the chronoiri namespace are intended to be used in RDF with non-literal objects.,,http://rs.tdwg.org/dwc/terms/attributes/UseWithIRI,2025-06-12,superseded,http://rs.tdwg.org/chrono/iri/version/chronometricAgeProtocol-2021-01-26,http://www.w3.org/1999/02/22-rdf-syntax-ns#Property,http://rs.tdwg.org/chrono/iri/chronometricAgeProtocol,not in ABCD,
http://rs.tdwg.org/chrono/iri/version/chronometricAgeProtocol-2025-07-10,chronometricAgeProtocol,Chronometric Age Protocol (IRI),A method used to determine the chrono:ChronometricAge.,Terms in the chronoiri: namespace are intended to be used in RDF with non-literal objects.,,http://rs.tdwg.org/dwc/terms/attributes/UseWithIRI,2025-07-10,recommended,http://rs.tdwg.org/chrono/iri/version/chronometricAgeProtocol-2025-06-12,http://www.w3.org/1999/02/22-rdf-syntax-ns#Property,http://rs.tdwg.org/chrono/iri/chronometricAgeProtocol,not in ABCD,
http://rs.tdwg.org/chrono/iri/version/chronometricAgeUncertaintyMethod-2021-01-26,chronometricAgeUncertaintyMethod,Chronometric Age Uncertainty Method (IRI),The method used to generate the value of chronometricAgeUncertaintyInYears.,Terms in the chronoiri namespace are intended to be used in RDF with non-literal objects.,,http://rs.tdwg.org/dwc/terms/attributes/UseWithIRI,2021-01-26,superseded,,http://www.w3.org/1999/02/22-rdf-syntax-ns#Property,http://rs.tdwg.org/chrono/iri/chronometricAgeUncertaintyMethod,not in ABCD,extension
http://rs.tdwg.org/chrono/iri/version/chronometricAgeUncertaintyMethod-2025-06-12,chronometricAgeUncertaintyMethod,Chronometric Age Uncertainty Method (IRI),The method used to generate the value of chrono:chronometricAgeUncertaintyInYears.,Terms in the chronoiri namespace are intended to be used in RDF with non-literal objects.,,http://rs.tdwg.org/dwc/terms/attributes/UseWithIRI,2025-06-12,superseded,http://rs.tdwg.org/chrono/iri/version/chronometricAgeUncertaintyMethod-2021-01-26,http://www.w3.org/1999/02/22-rdf-syntax-ns#Property,http://rs.tdwg.org/chrono/iri/chronometricAgeUncertaintyMethod,not in ABCD,
http://rs.tdwg.org/chrono/iri/version/chronometricAgeUncertaintyMethod-2025-07-10,chronometricAgeUncertaintyMethod,Chronometric Age Uncertainty Method (IRI),The method used to generate the value of chrono:chronometricAgeUncertaintyInYears.,Terms in the chronoiri: namespace are intended to be used in RDF with non-literal objects.,,http://rs.tdwg.org/dwc/terms/attributes/UseWithIRI,2025-07-10,recommended,http://rs.tdwg.org/chrono/iri/version/chronometricAgeUncertaintyMethod-2025-06-12,http://www.w3.org/1999/02/22-rdf-syntax-ns#Property,http://rs.tdwg.org/chrono/iri/chronometricAgeUncertaintyMethod,not in ABCD,
http://rs.tdwg.org/chrono/iri/version/earliestChronometricAgeReferenceSystem-2021-01-26,earliestChronometricAgeReferenceSystem,Earliest Chronometric Age Reference System (IRI),The reference system associated with the earliestChronometricAge.,Terms in the chronoiri namespace are intended to be used in RDF with non-literal objects.,,http://rs.tdwg.org/dwc/terms/attributes/UseWithIRI,2021-01-26,superseded,,http://www.w3.org/1999/02/22-rdf-syntax-ns#Property,http://rs.tdwg.org/chrono/iri/earliestChronometricAgeReferenceSystem,not in ABCD,extension
http://rs.tdwg.org/chrono/iri/version/earliestChronometricAgeReferenceSystem-2025-06-12,earliestChronometricAgeReferenceSystem,Earliest Chronometric Age Reference System (IRI),The reference system associated with the chrono:earliestChronometricAge.,Terms in the chronoiri namespace are intended to be used in RDF with non-literal objects.,,http://rs.tdwg.org/dwc/terms/attributes/UseWithIRI,2025-06-12,superseded,http://rs.tdwg.org/chrono/iri/version/earliestChronometricAgeReferenceSystem-2021-01-26,http://www.w3.org/1999/02/22-rdf-syntax-ns#Property,http://rs.tdwg.org/chrono/iri/earliestChronometricAgeReferenceSystem,not in ABCD,
http://rs.tdwg.org/chrono/iri/version/earliestChronometricAgeReferenceSystem-2025-07-10,earliestChronometricAgeReferenceSystem,Earliest Chronometric Age Reference System (IRI),The reference system associated with the chrono:earliestChronometricAge.,Terms in the chronoiri: namespace are intended to be used in RDF with non-literal objects.,,http://rs.tdwg.org/dwc/terms/attributes/UseWithIRI,2025-07-10,recommended,http://rs.tdwg.org/chrono/iri/version/earliestChronometricAgeReferenceSystem-2025-06-12,http://www.w3.org/1999/02/22-rdf-syntax-ns#Property,http://rs.tdwg.org/chrono/iri/earliestChronometricAgeReferenceSystem,not in ABCD,
http://rs.tdwg.org/chrono/iri/version/latestChronometricAgeReferenceSystem-2021-01-26,latestChronometricAgeReferenceSystem,Latest Chronometric Age Reference System (IRI),The reference system associated with the latestChronometricAge.,Terms in the chronoiri namespace are intended to be used in RDF with non-literal objects.,,http://rs.tdwg.org/dwc/terms/attributes/UseWithIRI,2021-01-26,superseded,,http://www.w3.org/1999/02/22-rdf-syntax-ns#Property,http://rs.tdwg.org/chrono/iri/latestChronometricAgeReferenceSystem,not in ABCD,extension
http://rs.tdwg.org/chrono/iri/version/latestChronometricAgeReferenceSystem-2025-06-12,latestChronometricAgeReferenceSystem,Latest Chronometric Age Reference System (IRI),The reference system associated with the chrono:latestChronometricAge.,Terms in the chronoiri namespace are intended to be used in RDF with non-literal objects.,,http://rs.tdwg.org/dwc/terms/attributes/UseWithIRI,2025-06-12,superseded,http://rs.tdwg.org/chrono/iri/version/latestChronometricAgeReferenceSystem-2021-01-26,http://www.w3.org/1999/02/22-rdf-syntax-ns#Property,http://rs.tdwg.org/chrono/iri/latestChronometricAgeReferenceSystem,not in ABCD,
http://rs.tdwg.org/chrono/iri/version/latestChronometricAgeReferenceSystem-2025-07-10,latestChronometricAgeReferenceSystem,Latest Chronometric Age Reference System (IRI),The reference system associated with the chrono:latestChronometricAge.,Terms in the chronoiri: namespace are intended to be used in RDF with non-literal objects.,,http://rs.tdwg.org/dwc/terms/attributes/UseWithIRI,2025-07-10,recommended,http://rs.tdwg.org/chrono/iri/version/latestChronometricAgeReferenceSystem-2025-06-12,http://www.w3.org/1999/02/22-rdf-syntax-ns#Property,http://rs.tdwg.org/chrono/iri/latestChronometricAgeReferenceSystem,not in ABCD,
http://rs.tdwg.org/chrono/iri/version/materialDated-2021-01-26,materialDated,Material Dated (IRI),The material on which the chronometricAgeProtocol was actually performed.,Terms in the chronoiri namespace are intended to be used in RDF with non-literal objects.,,http://rs.tdwg.org/dwc/terms/attributes/UseWithIRI,2021-01-26,superseded,,http://www.w3.org/1999/02/22-rdf-syntax-ns#Property,http://rs.tdwg.org/chrono/iri/materialDated,not in ABCD,extension
http://rs.tdwg.org/chrono/iri/version/materialDated-2025-06-12,materialDated,Material Dated (IRI),The material on which the chrono:chronometricAgeProtocol was actually performed.,Terms in the chronoiri namespace are intended to be used in RDF with non-literal objects.,,http://rs.tdwg.org/dwc/terms/attributes/UseWithIRI,2025-06-12,superseded,http://rs.tdwg.org/chrono/iri/version/materialDated-2021-01-26,http://www.w3.org/1999/02/22-rdf-syntax-ns#Property,http://rs.tdwg.org/chrono/iri/materialDated,not in ABCD,
http://rs.tdwg.org/chrono/iri/version/materialDated-2025-07-10,materialDated,Material Dated (IRI),The material on which the chrono:chronometricAgeProtocol was actually performed.,Terms in the chronoiri: namespace are intended to be used in RDF with non-literal objects.,,http://rs.tdwg.org/dwc/terms/attributes/UseWithIRI,2025-07-10,recommended,http://rs.tdwg.org/chrono/iri/version/materialDated-2025-06-12,http://www.w3.org/1999/02/22-rdf-syntax-ns#Property,http://rs.tdwg.org/chrono/iri/materialDated,not in ABCD,
http://rs.tdwg.org/chrono/terms/version/ChronometricAge-2020-09-14,ChronometricAge,Chronometric Age,The age of a specimen or related materials that is generated from a dating assay.,This is a categorical term (class) to organize the other chronometric age properties and does not ever have values.,A radiocarbon date. A date determined through dendrochronology. A date derived using the potassium-argon method.,,2020-09-14,superseded,http://zooarchnet.org/dwc/terms/version/ChronometricAge-2018-11-08,http://www.w3.org/2000/01/rdf-schema#Class,http://rs.tdwg.org/chrono/terms/ChronometricAge,not in ABCD,extension
http://rs.tdwg.org/chrono/terms/version/ChronometricAge-2020-11-17,ChronometricAge,Chronometric Age,The age of a specimen or related materials that is generated from a dating assay.,This is a categorical term (class) to organize the other chronometric age properties and does not ever have values.,,http://rs.tdwg.org/chrono/terms/ChronometricAge,2020-11-17,superseded,http://rs.tdwg.org/chrono/terms/version/ChronometricAge-2020-09-14,http://www.w3.org/2000/01/rdf-schema#Class,http://rs.tdwg.org/chrono/terms/ChronometricAge,https://terms.tdwg.org/wiki/abcd-efg:StratigraphicAttributions-RadiometricDates,extension
http://rs.tdwg.org/chrono/terms/version/ChronometricAge-2021-01-26,ChronometricAge,Chronometric Age,"The age of a specimen and how this age is known, whether by a dating assay, a relative association with dated material, or legacy collections information.",The ChronometricAge extension is to be used only in cases where the collection event is not contemporaneous with the time when the organism was alive in its context. Collection event information can be reported in dwc:eventDate.,`An age range associated with a specimen derived from an AMS dating assay applied to an oyster shell in the same stratum`; `An age range associated with a specimen derived from a ceramics analysis based on other materials found in the same stratum`; `A maximum age associated with a specimen derived from K-Ar dating applied to a proximal volcanic tuff found stratigraphically below the specimen`; `An age range of a specimen based on its biostratigraphic context`; `An age of a specimen based on what is reported in legacy collections data`.,http://rs.tdwg.org/chrono/terms/ChronometricAge,2021-01-26,superseded,http://rs.tdwg.org/chrono/terms/version/ChronometricAge-2020-11-17,http://www.w3.org/2000/01/rdf-schema#Class,http://rs.tdwg.org/chrono/terms/ChronometricAge,https://terms.tdwg.org/wiki/abcd-efg:StratigraphicAttributions-RadiometricDates,extension
http://rs.tdwg.org/chrono/terms/version/chronometricAgeConversionProtocol-2020-09-14,chronometricAgeConversionProtocol,Chronometric Age Conversion Protocol,"The method used to convert the uncalibratedChronometricAge into a chronometric age in years, as captured in maximumChronometricAge, maximumChronometricAgeReferenceSystem, minimumChronometricAge, and minimumChronometricAgeReferenceSystem.","For example, calibration of conventional radiocarbon age or the currently accepted age range of a cultural or geological period.","`INTCAL13`, `sequential 6 phase Bayesian model and IntCal13 calibration`",http://rs.tdwg.org/chrono/terms/ChronometricAge,2020-09-14,superseded,http://zooarchnet.org/dwc/terms/version/verbatimChronometricAgeConversionProtocol-2018-11-08,http://www.w3.org/1999/02/22-rdf-syntax-ns#Property,http://rs.tdwg.org/chrono/terms/chronometricAgeConversionProtocol,not in ABCD,extension
http://rs.tdwg.org/chrono/terms/version/chronometricAgeConversionProtocol-2020-11-17,chronometricAgeConversionProtocol,Chronometric Age Conversion Protocol,"The method used for converting the uncalibratedChronometricAge into a chronometric age in years, as captured in the maximumChronometricAge, maximumChronometricAgeReferenceSystem, minimumChronometricAge, and minimumChronometricAgeReferenceSystem fields.","For example, calibration of conventional radiocarbon age or the currently accepted age range of a cultural or geological period.","`INTCAL13`, `sequential 6 phase Bayesian model and IntCal13 calibration`",http://rs.tdwg.org/chrono/terms/ChronometricAge,2020-11-17,superseded,http://rs.tdwg.org/chrono/terms/version/chronometricAgeConversionProtocol-2020-09-14,http://www.w3.org/1999/02/22-rdf-syntax-ns#Property,http://rs.tdwg.org/chrono/terms/chronometricAgeConversionProtocol,https://terms.tdwg.org/wiki/abcd-efg:StratigraphicAttributions-ChronostratigraphicAttribution-Method,extension
http://rs.tdwg.org/chrono/terms/version/chronometricAgeConversionProtocol-2021-02-02,chronometricAgeConversionProtocol,Chronometric Age Conversion Protocol,"The method used for converting the uncalibratedChronometricAge into a chronometric age in years, as captured in the earliestChronometricAge, earliestChronometricAgeReferenceSystem, latestChronometricAge, and latestChronometricAgeReferenceSystem fields.","For example, calibration of conventional radiocarbon age or the currently accepted age range of a cultural or geological period.","`INTCAL13`, `sequential 6 phase Bayesian model and IntCal13 calibration`",http://rs.tdwg.org/chrono/terms/ChronometricAge,2021-02-02,superseded,http://rs.tdwg.org/chrono/terms/version/chronometricAgeConversionProtocol-2020-11-17,http://www.w3.org/1999/02/22-rdf-syntax-ns#Property,http://rs.tdwg.org/chrono/terms/chronometricAgeConversionProtocol,https://terms.tdwg.org/wiki/abcd-efg:StratigraphicAttributions-ChronostratigraphicAttribution-Method,extension
http://rs.tdwg.org/chrono/terms/version/chronometricAgeDeterminedBy-2020-10-05,chronometricAgeDeterminedBy,Chronometric Age Determined By,"A list (concatenated and separated) of names of people, groups, or organizations who determined the ChronometricAge.",Recommended best practice is to separate the values in a list with space vertical bar space ( | ).,`Michelle LeFebvre | Neill Wallis`,http://rs.tdwg.org/chrono/terms/ChronometricAge,2020-10-05,superseded,,http://www.w3.org/1999/02/22-rdf-syntax-ns#Property,http://rs.tdwg.org/chrono/terms/chronometricAgeDeterminedBy,not in ABCD,extension
http://rs.tdwg.org/chrono/terms/version/chronometricAgeDeterminedBy-2020-11-17,chronometricAgeDeterminedBy,Chronometric Age Determined By,"A list (concatenated and separated) of names of people, groups, or organizations who determined the ChronometricAge.",Recommended best practice is to separate the values in a list with space vertical bar space ( | ).,`Michelle LeFebvre | Niell Wallis`,http://rs.tdwg.org/chrono/terms/ChronometricAge,2020-11-17,superseded,http://rs.tdwg.org/chrono/terms/version/chronometricAgeDeterminedBy-2020-10-05,http://www.w3.org/1999/02/22-rdf-syntax-ns#Property,http://rs.tdwg.org/chrono/terms/chronometricAgeDeterminedBy,https://terms.tdwg.org/wiki/abcd-efg:StratigraphicAttributions-ChronostratigraphicAttribution-Identifiers,extension
http://rs.tdwg.org/chrono/terms/version/chronometricAgeDeterminedBy-2021-02-02,chronometricAgeDeterminedBy,Chronometric Age Determined By,"A list (concatenated and separated) of names of people, groups, or organizations who determined the ChronometricAge.",Recommended best practice is to separate the values in a list with space vertical bar space ( | ).,`Michelle LeFebvre | Neill Wallis`,http://rs.tdwg.org/chrono/terms/ChronometricAge,2021-02-02,superseded,http://rs.tdwg.org/chrono/terms/version/chronometricAgeDeterminedBy-2020-11-17,http://www.w3.org/1999/02/22-rdf-syntax-ns#Property,http://rs.tdwg.org/chrono/terms/chronometricAgeDeterminedBy,https://terms.tdwg.org/wiki/abcd-efg:StratigraphicAttributions-ChronostratigraphicAttribution-Identifiers,extension
http://rs.tdwg.org/chrono/terms/version/chronometricAgeDeterminedDate-2020-10-05,chronometricAgeDeterminedDate,Chronometric Age Determined Date,The date on which the ChronometricAge was determined.,Recommended best practice is to use a date that conforms to ISO 8601-1:2019.,`1963-03-08T14:07-0600` (8 Mar 1963 at 2:07pm in the time zone six hours earlier than UTC). `2009-02-20T08:40Z` (20 February 2009 8:40am UTC). `2018-08-29T15:19` (3:19pm local time on 29 August 2018). `1809-02-12` (some time during 12 February 1809). `1906-06` (some time in June 1906). `1971` (some time in the year 1971).,http://rs.tdwg.org/chrono/terms/ChronometricAge,2020-10-05,superseded,,http://www.w3.org/1999/02/22-rdf-syntax-ns#Property,http://rs.tdwg.org/chrono/terms/chronometricAgeDeterminedDate,not in ABCD,extension
http://rs.tdwg.org/chrono/terms/version/chronometricAgeDeterminedDate-2020-11-17,chronometricAgeDeterminedDate,Chronometric Age Determined Date,The date on which the ChronometricAge was determined.,Recommended best practice is to use a date that conforms to ISO 8601-1:2019.,`1963-03-08T14:07-0600` (8 Mar 1963 at 2:07pm in the time zone six hours earlier than UTC). `2009-02-20T08:40Z` (20 February 2009 8:40am UTC). `2018-08-29T15:19` (3:19pm local time on 29 August 2018). `1809-02-12` (some time during 12 February 1809). `1906-06` (some time in June 1906). `1971` (some time in the year 1971).,http://rs.tdwg.org/chrono/terms/ChronometricAge,2020-11-17,superseded,http://rs.tdwg.org/chrono/terms/version/chronometricAgeDeterminedDate-2020-10-05,http://www.w3.org/1999/02/22-rdf-syntax-ns#Property,http://rs.tdwg.org/chrono/terms/chronometricAgeDeterminedDate,https://terms.tdwg.org/wiki/abcd-efg:StratigraphicAttributions-RadiometricDate-AnalysisDateTime,extension
http://rs.tdwg.org/chrono/terms/version/chronometricAgeID-2020-09-14,chronometricAgeID,Chronometric Age ID,An identifier for the set of information associated with a ChronometricAge.,May be a global unique identifier or an identifier specific to the dataset. This can be used to link this record to another repository where more information about the dataset is shared.,`https://www.canadianarchaeology.ca/samples/70673`,http://rs.tdwg.org/chrono/terms/ChronometricAge,2020-09-14,superseded,http://zooarchnet.org/dwc/terms/version/chronometricAgeID-2018-11-08,http://www.w3.org/1999/02/22-rdf-syntax-ns#Property,http://rs.tdwg.org/chrono/terms/chronometricAgeID,not in ABCD,extension
http://rs.tdwg.org/chrono/terms/version/chronometricAgeProtocol-2020-09-14,chronometricAgeProtocol,Chronometric Age Protocol,A description of or reference to the methods used to determine the chronometric age.,,"`radiocarbon AMS`, `K-Ar dates for the lower most marker tuff`, `historic documentation`, `ceramic seriation`",http://rs.tdwg.org/chrono/terms/ChronometricAge,2020-09-14,superseded,http://zooarchnet.org/dwc/terms/version/chronometricAgeProtocol-2018-11-13,http://www.w3.org/1999/02/22-rdf-syntax-ns#Property,http://rs.tdwg.org/chrono/terms/chronometricAgeProtocol,not in ABCD,extension
http://rs.tdwg.org/chrono/terms/version/chronometricAgeProtocol-2020-11-17,chronometricAgeProtocol,Chronometric Age Protocol,A description of or reference to the methods used to determine the chronometric age.,,"`radiocarbon AMS`, `K-Ar dates for the lower most marker tuff`, `historic documentation`, `ceramic seriation`",http://rs.tdwg.org/chrono/terms/ChronometricAge,2020-11-17,superseded,http://rs.tdwg.org/chrono/terms/version/chronometricAgeProtocol-2020-09-14,http://www.w3.org/1999/02/22-rdf-syntax-ns#Property,http://rs.tdwg.org/chrono/terms/chronometricAgeProtocol,https://terms.tdwg.org/wiki/abcd-efg:StratigraphicAttributions-ChronostratigraphicAttribution-Method,extension
http://rs.tdwg.org/chrono/terms/version/chronometricAgeReferences-2020-09-14,chronometricAgeReferences,Chronometric Age References,"A list (concatenated and separated) of identifiers (publication, bibliographic reference, global unique identifier, URI) of literature associated with the ChronometricAge.",Recommended best practice is to separate the values in a list with space vertical bar space ( | ).,"`Pluckhahn, Thomas J., Neill J. Wallis, and Victor D. Thompson. 2020  The History and Future of Migrationist Explanation in the Archaeology of the Eastern Woodlands: A Review and Case Study of the Woodland Period Gulf Coast. Journal of Archaeological Research. https://doi.org/10.1007/s10814-019-09140-x`",http://rs.tdwg.org/chrono/terms/ChronometricAge,2020-09-14,superseded,http://zooarchnet.org/dwc/terms/version/chronometricAgeReferences-2018-11-13,http://www.w3.org/1999/02/22-rdf-syntax-ns#Property,http://rs.tdwg.org/chrono/terms/chronometricAgeReferences,not in ABCD,extension
http://rs.tdwg.org/chrono/terms/version/chronometricAgeReferences-2020-11-17,chronometricAgeReferences,Chronometric Age References,"A list (concatenated and separated) of identifiers (publication, bibliographic reference, global unique identifier, URI) of literature associated with the ChronometricAge.",Recommended best practice is to separate the values in a list with space vertical bar space ( | ).,"`Pluckhahn, Thomas J., Neill J. Wallis, and Victor D. Thompson. 2020  The History and Future of Migrationist Explanation in the Archaeology of the Eastern Woodlands: A Review and Case Study of the Woodland Period Gulf Coast. Journal of Archaeological Research. https://doi.org/10.1007/s10814-019-09140-x`",http://rs.tdwg.org/chrono/terms/ChronometricAge,2020-11-17,superseded,http://rs.tdwg.org/chrono/terms/version/chronometricAgeReferences-2020-09-14,http://www.w3.org/1999/02/22-rdf-syntax-ns#Property,http://rs.tdwg.org/chrono/terms/chronometricAgeReferences,https://terms.tdwg.org/wiki/abcd-efg:StratigraphicAttributions-ChronostratigraphicAttribution-MeasurementOrFactReference,extension
http://rs.tdwg.org/chrono/terms/version/chronometricAgeRemarks-2020-09-14,chronometricAgeRemarks,Chronometric Age Remarks,Notes or comments about the ChronometricAge.,,"`Beta Analytic number: 323913 | One of the Crassostrea virginica right valve specimens from North Midden Feature 17 was chosen for AMS dating, but it is unclear exactly which specimen it was.`",http://rs.tdwg.org/chrono/terms/ChronometricAge,2020-09-14,superseded,http://zooarchnet.org/dwc/terms/version/chronometricAgeRemarks-2018-11-08,http://www.w3.org/1999/02/22-rdf-syntax-ns#Property,http://rs.tdwg.org/chrono/terms/chronometricAgeRemarks,not in ABCD,extension
http://rs.tdwg.org/chrono/terms/version/chronometricAgeRemarks-2020-11-17,chronometricAgeRemarks,Chronometric Age Remarks,Notes or comments about the ChronometricAge.,,"`Beta Analytic number: 323913 | One of the Crassostrea virginica right valve specimens from North Midden Feature 17 was chosen for AMS dating, but it is unclear exactly which specimen it was.`",http://rs.tdwg.org/chrono/terms/ChronometricAge,2020-11-17,superseded,http://rs.tdwg.org/chrono/terms/version/chronometricAgeRemarks-2020-09-14,http://www.w3.org/1999/02/22-rdf-syntax-ns#Property,http://rs.tdwg.org/chrono/terms/chronometricAgeRemarks,https://terms.tdwg.org/wiki/abcd-efg:UnitStratigraphicDetermination-DatingComment,extension
http://rs.tdwg.org/chrono/terms/version/chronometricAgeUncertaintyInYears-2020-09-14,chronometricAgeUncertaintyInYears,Chronometric Age Uncertainty In Years,The temporal uncertainty of the maximumChronometricAge and minimumChronometicAge in years.,This is the +/- number for the age in years. The expected unit for this field is years.,`100`,http://rs.tdwg.org/chrono/terms/ChronometricAge,2020-09-14,superseded,http://zooarchnet.org/dwc/terms/version/chronometricAgeUncertaintyInYears-2018-11-13,http://www.w3.org/1999/02/22-rdf-syntax-ns#Property,http://rs.tdwg.org/chrono/terms/chronometricAgeUncertaintyInYears,not in ABCD,extension
http://rs.tdwg.org/chrono/terms/version/chronometricAgeUncertaintyInYears-2020-11-17,chronometricAgeUncertaintyInYears,Chronometric Age Uncertainty In Years,The temporal uncertainty of the maximumChronometricAge and minimumChronometicAge in years.,This is the +/- number for the age in years. The expected unit for this field is years.,`100`,http://rs.tdwg.org/chrono/terms/ChronometricAge,2020-11-17,superseded,http://rs.tdwg.org/chrono/terms/version/chronometricAgeUncertaintyInYears-2020-09-14,http://www.w3.org/1999/02/22-rdf-syntax-ns#Property,http://rs.tdwg.org/chrono/terms/chronometricAgeUncertaintyInYears,https://terms.tdwg.org/wiki/abcd-efg:UnitStratigraphicDetermination-ChronostratigraphicAttribution-Accuracy,extension
http://rs.tdwg.org/chrono/terms/version/chronometricAgeUncertaintyInYears-2021-02-02,chronometricAgeUncertaintyInYears,Chronometric Age Uncertainty In Years,The temporal uncertainty of the earliestChronometricAge and latestChronometicAge in years.,The expected unit for this field is years. The value in this field is number of years before and after the values given in the earliest and latest chronometric age fields within which the actual values are estimated to be.,`100`,http://rs.tdwg.org/chrono/terms/ChronometricAge,2021-02-02,superseded,http://rs.tdwg.org/chrono/terms/version/chronometricAgeUncertaintyInYears-2020-11-17,http://www.w3.org/1999/02/22-rdf-syntax-ns#Property,http://rs.tdwg.org/chrono/terms/chronometricAgeUncertaintyInYears,https://terms.tdwg.org/wiki/abcd-efg:UnitStratigraphicDetermination-ChronostratigraphicAttribution-Accuracy,extension
http://rs.tdwg.org/chrono/terms/version/chronometricAgeUncertaintyMethod-2020-09-14,chronometricAgeUncertaintyMethod,Chronometric Age Uncertainty Method,The method used to generate the value of chronometricAgeUncertaintyInYears.,,"`2-sigma calibrated range`, `Half of 95% confidence interval`",http://rs.tdwg.org/chrono/terms/ChronometricAge,2020-09-14,superseded,http://zooarchnet.org/dwc/terms/version/chronometricAgeUncertaintyMethod-2018-11-13,http://www.w3.org/1999/02/22-rdf-syntax-ns#Property,http://rs.tdwg.org/chrono/terms/chronometricAgeUncertaintyMethod,not in ABCD,extension
http://rs.tdwg.org/chrono/terms/version/chronometricAgeUncertaintyMethod-2020-11-17,chronometricAgeUncertaintyMethod,Chronometric Age Uncertainty Method,The method used to generate the value of chronometricAgeUncertaintyInYears.,,"`2-sigma calibrated range`, `Half of 95% confidence interval`",http://rs.tdwg.org/chrono/terms/ChronometricAge,2020-11-17,superseded,http://rs.tdwg.org/chrono/terms/version/chronometricAgeUncertaintyMethod-2020-09-14,http://www.w3.org/1999/02/22-rdf-syntax-ns#Property,http://rs.tdwg.org/chrono/terms/chronometricAgeUncertaintyMethod,https://terms.tdwg.org/wiki/abcd-efg:StratigraphicAttributions-ChronostratigraphicAttribution-Method,extension
http://rs.tdwg.org/chrono/terms/version/earliestChronometricAge-2021-01-26,earliestChronometricAge,Earliest Chronometric Age,The maximum/earliest/oldest possible age of a specimen as determined by a dating method.,"The expected unit for this field is years. This field, if populated, must have an associated earliestChronometricAgeReferenceSystem.",100,http://rs.tdwg.org/chrono/terms/ChronometricAge,2021-01-26,superseded,http://rs.tdwg.org/chrono/terms/version/maximumChronometricAge-2020-11-17,http://www.w3.org/1999/02/22-rdf-syntax-ns#Property,http://rs.tdwg.org/chrono/terms/earliestChronometricAge,https://terms.tdwg.org/wiki/abcd-efg:StratigraphicAttributions-ChronostratigraphicAttribution-UpperValue,extension
http://rs.tdwg.org/chrono/terms/version/earliestChronometricAgeReferenceSystem-2021-01-26,earliestChronometricAgeReferenceSystem,Earliest Chronometric Age Reference System,The reference system associated with the earliestChronometricAge.,Recommended best practice is to use a controlled vocabulary.,"`kya`,`mya`,`BP`,`AD`,`BCE`,`ka`,`Ma`,`Ga`",http://rs.tdwg.org/chrono/terms/ChronometricAge,2021-01-26,superseded,http://rs.tdwg.org/chrono/terms/version/maximumChronometricAgeReferenceSystem-2020-11-17,http://www.w3.org/1999/02/22-rdf-syntax-ns#Property,http://rs.tdwg.org/chrono/terms/earliestChronometricAgeReferenceSystem,not in ABCD,extension
http://rs.tdwg.org/chrono/terms/version/latestChronometricAge-2021-01-26,latestChronometricAge,Latest Chronometric Age,The minimum/latest/youngest possible age of a specimen as determined by a dating method.,"The expected unit for this field is years. This field, if populated, must have an associated latestChronometricAgeReferenceSystem.",27,http://rs.tdwg.org/chrono/terms/ChronometricAge,2021-01-26,superseded,http://rs.tdwg.org/chrono/terms/version/minimumChronometricAge-2020-11-17,http://www.w3.org/1999/02/22-rdf-syntax-ns#Property,http://rs.tdwg.org/chrono/terms/latestChronometricAge,https://terms.tdwg.org/wiki/abcd-efg:UnitStratigraphicDetermination-ChronostratigraphicAttribution-LowerValue,extension
http://rs.tdwg.org/chrono/terms/version/latestChronometricAgeReferenceSystem-2021-01-26,latestChronometricAgeReferenceSystem,Latest Chronometric Age Reference System,The reference system associated with the latestChronometricAge.,Recommended best practice is to use a controlled vocabulary.,"`kya`,`mya`,`BP`,`AD`,`BCE`,`ka`,`Ma`,`Ga`",http://rs.tdwg.org/chrono/terms/ChronometricAge,2021-01-26,superseded,http://rs.tdwg.org/chrono/terms/version/minimumChronometricAgeReferenceSystem-2020-11-17,http://www.w3.org/1999/02/22-rdf-syntax-ns#Property,http://rs.tdwg.org/chrono/terms/latestChronometricAgeReferenceSystem,not in ABCD,extension
http://rs.tdwg.org/chrono/terms/version/materialDated-2020-09-14,materialDated,Material Dated,"A description of the material on which the chronometricAgeProtocol was actually performed, if known.",,"`Double Tuff`, `Charcoal found in Stratum V`, `charred wood`, `tooth`",http://rs.tdwg.org/chrono/terms/ChronometricAge,2020-09-14,superseded,http://zooarchnet.org/dwc/terms/version/materialDated-2018-11-08,http://www.w3.org/1999/02/22-rdf-syntax-ns#Property,http://rs.tdwg.org/chrono/terms/materialDated,not in ABCD,extension
http://rs.tdwg.org/chrono/terms/version/materialDated-2020-11-17,materialDated,Material Dated,"A description of the material on which the chronometricAgeProtocol was actually performed, if known.",,"`Double Tuff`, `Charcoal found in Stratum V`, `charred wood`, `tooth`",http://rs.tdwg.org/chrono/terms/ChronometricAge,2020-11-17,superseded,http://rs.tdwg.org/chrono/terms/version/materialDated-2020-09-14,http://www.w3.org/1999/02/22-rdf-syntax-ns#Property,http://rs.tdwg.org/chrono/terms/materialDated,https://terms.tdwg.org/wiki/abcd-efg:UnitStratigraphicDetermination-MaterialDated,extension
http://rs.tdwg.org/chrono/terms/version/materialDatedID-2020-09-14,materialDatedID,Material Dated ID,"An identifier for the material on which the chronometricAgeProtocol was performed, if applicable.",,"`dwc:occurrenceID: 702b306d-f167-44d0-a5c9-890ece2b8839`, `https://www.idigbio.org/portal/records/e1438058-c8b9-418e-998e-1e497a3bcec4`",http://rs.tdwg.org/chrono/terms/ChronometricAge,2020-09-14,superseded,http://zooarchnet.org/dwc/terms/version/materialDatedID-2018-11-08,http://www.w3.org/1999/02/22-rdf-syntax-ns#Property,http://rs.tdwg.org/chrono/terms/materialDatedID,not in ABCD,extension
http://rs.tdwg.org/chrono/terms/version/materialDatedID-2021-01-26,materialDatedID,Material Dated ID,"An identifier for the material on which the chronometricAgeProtocol was performed, if applicable.",,"`dwc:occurrenceID: 702b306d-f167-44d0-a5c9-890ece2b8839`, `https://www.idigbio.org/portal/records/e1438058-c8b9-418e-998e-1e497a3bcec4`",http://rs.tdwg.org/chrono/terms/ChronometricAge,2021-01-26,superseded,http://rs.tdwg.org/chrono/terms/version/materialDatedID-2020-09-14,http://www.w3.org/1999/02/22-rdf-syntax-ns#Property,http://rs.tdwg.org/chrono/terms/materialDatedID,not in ABCD,extension
http://rs.tdwg.org/chrono/terms/version/materialDatedID-2021-02-05,materialDatedID,Material Dated ID,"An identifier for the MaterialSample on which the chronometricAgeProtocol was performed, if applicable.",,`dwc:materialSampleID: https://www.ebi.ac.uk/metagenomics/samples/SRS1930158`,http://rs.tdwg.org/chrono/terms/ChronometricAge,2021-02-05,superseded,http://rs.tdwg.org/chrono/terms/version/materialDatedID-2021-01-26,http://www.w3.org/1999/02/22-rdf-syntax-ns#Property,http://rs.tdwg.org/chrono/terms/materialDatedID,not in ABCD,extension
http://rs.tdwg.org/chrono/terms/version/materialDatedRelationship-2021-01-26,materialDatedRelationship,Material Dated Relationship,"The relationship of the materialDated to the subject of the ChronometricAge record, from which the ChronometricAge of the subject is inferred.",Recommended best practice is to use a controlled vocabulary.,"`sameAs` (cases where the subject material was completely destructively subsampled to get the ChronometricAge), `subsampleOf` (cases where part of the original specimen was extracted as the material used to determine the ChronometricAge), `inContextWith` (cases where the ChronometricAge is inferred from materialDated, such as sediments or cultural objects, in related temporal context),`stratigraphicallyCorrelatedWith` (cases where the ChronometricAge is inferred from materialDated in a stratigraphically correlated context)",http://rs.tdwg.org/chrono/terms/ChronometricAge,2021-01-26,superseded,,http://www.w3.org/1999/02/22-rdf-syntax-ns#Property,http://rs.tdwg.org/chrono/terms/materialDatedRelationship,not in ABCD,extension
http://rs.tdwg.org/chrono/terms/version/maximumChronometricAge-2020-09-14,maximumChronometricAge,Maximum Chronometric Age,Upper limit for the age of a specimen as determined by a dating method.,"The expected unit for this field is years. This field, if populated, must have an associated maximumChronometricAgeReferenceSystem.",`27`,http://rs.tdwg.org/chrono/terms/ChronometricAge,2020-09-14,superseded,http://zooarchnet.org/dwc/terms/version/maximumChronometricAge-2018-11-13,http://www.w3.org/1999/02/22-rdf-syntax-ns#Property,http://rs.tdwg.org/chrono/terms/maximumChronometricAge,not in ABCD,extension
http://rs.tdwg.org/chrono/terms/version/maximumChronometricAge-2020-11-17,maximumChronometricAge,Maximum Chronometric Age,Upper limit for the age of a specimen as determined by a dating method.,"The expected unit for this field is years. This field, if populated, must have an associated maximumChronometricAgeReferenceSystem.",`27`,http://rs.tdwg.org/chrono/terms/ChronometricAge,2020-11-17,deprecated,http://rs.tdwg.org/chrono/terms/version/maximumChronometricAge-2020-09-14,http://www.w3.org/1999/02/22-rdf-syntax-ns#Property,http://rs.tdwg.org/chrono/terms/maximumChronometricAge,https://terms.tdwg.org/wiki/abcd-efg:StratigraphicAttributions-ChronostratigraphicAttribution-UpperValue,extension
http://rs.tdwg.org/chrono/terms/version/maximumChronometricAgeReferenceSystem-2020-09-14,maximumChronometricAgeReferenceSystem,Maximum Chronometric Age Reference System,The reference system associated with the maximumChronometricAge.,,"`kya`,`mya`,`BP`,`AD`,`BCE`",http://rs.tdwg.org/chrono/terms/ChronometricAge,2020-09-14,superseded,http://zooarchnet.org/dwc/terms/version/maximumChronometricAgeReferenceSystem-2018-11-13,http://www.w3.org/1999/02/22-rdf-syntax-ns#Property,http://rs.tdwg.org/chrono/terms/maximumChronometricAgeReferenceSystem,not in ABCD,extension
http://rs.tdwg.org/chrono/terms/version/maximumChronometricAgeReferenceSystem-2020-11-17,maximumChronometricAgeReferenceSystem,Maximum Chronometric Age Reference System,The reference system associated with the maximumChronometricAge.,,"`kya`,`mya`,`BP`,`AD`,`BCE`",http://rs.tdwg.org/chrono/terms/ChronometricAge,2020-11-17,deprecated,http://rs.tdwg.org/chrono/terms/version/maximumChronometricAgeReferenceSystem-2020-09-14,http://www.w3.org/1999/02/22-rdf-syntax-ns#Property,http://rs.tdwg.org/chrono/terms/maximumChronometricAgeReferenceSystem,https://terms.tdwg.org/wiki/abcd-efg:UnitStratigraphicDetermination-TimeUnit,extension
http://rs.tdwg.org/chrono/terms/version/minimumChronometricAge-2020-09-14,minimumChronometricAge,Minimum Chronometric Age,Lower limit for the age of a specimen as determined by a dating method.,"The expected unit for this field is years. This field, if populated, must have an associated minimumChronometricAgeReferenceSystem.",`100`,http://rs.tdwg.org/chrono/terms/ChronometricAge,2020-09-14,superseded,http://zooarchnet.org/dwc/terms/version/minimumChronometricAge-2018-11-13,http://www.w3.org/1999/02/22-rdf-syntax-ns#Property,http://rs.tdwg.org/chrono/terms/minimumChronometricAge,not in ABCD,extension
http://rs.tdwg.org/chrono/terms/version/minimumChronometricAge-2020-11-17,minimumChronometricAge,Minimum Chronometric Age,Lower limit for the age of a specimen as determined by a dating method.,"The expected unit for this field is years. This field, if populated, must have an associated maximumChronometricAgeReferenceSystem.",`100`,http://rs.tdwg.org/chrono/terms/ChronometricAge,2020-11-17,deprecated,http://rs.tdwg.org/chrono/terms/version/minimumChronometricAge-2020-09-14,http://www.w3.org/1999/02/22-rdf-syntax-ns#Property,http://rs.tdwg.org/chrono/terms/minimumChronometricAge,https://terms.tdwg.org/wiki/abcd-efg:UnitStratigraphicDetermination-ChronostratigraphicAttribution-LowerValue,extension
http://rs.tdwg.org/chrono/terms/version/minimumChronometricAgeReferenceSystem-2020-09-14,minimumChronometricAgeReferenceSystem,Minimum Chronometric Age Reference System,The reference system associated with the minimumChronometricAge.,,"`kya`,`mya`,`BP`,`AD`,`BCE`",http://rs.tdwg.org/chrono/terms/ChronometricAge,2020-09-14,superseded,http://zooarchnet.org/dwc/terms/version/minimumChronometricAgeReferenceSystem-2018-11-13,http://www.w3.org/1999/02/22-rdf-syntax-ns#Property,http://rs.tdwg.org/chrono/terms/minimumChronometricAgeReferenceSystem,not in ABCD,extension
http://rs.tdwg.org/chrono/terms/version/minimumChronometricAgeReferenceSystem-2020-11-17,minimumChronometricAgeReferenceSystem,Minimum Chronometric Age Reference System,The reference system associated with the minimumChronometricAge.,,"`kya`,`mya`,`BP`,`AD`,`BCE`",http://rs.tdwg.org/chrono/terms/ChronometricAge,2020-11-17,deprecated,http://rs.tdwg.org/chrono/terms/version/minimumChronometricAgeReferenceSystem-2020-09-14,http://www.w3.org/1999/02/22-rdf-syntax-ns#Property,http://rs.tdwg.org/chrono/terms/minimumChronometricAgeReferenceSystem,https://terms.tdwg.org/wiki/abcd-efg:UnitStratigraphicDetermination-TimeUnit,extension
